patient_id,therapy_modality,aq_pre_score,aq_post_score,suds_session1,suds_session6,max_elevation_achieved_meters,final_gaze_avoidance_ratio,final_head_tremor_psd,patient_dropout_flag,system_usability_scale
PT_001,BioAdaptive_VRET,62.4,20.7,7.9,1.5,57.2,0.119,0.184,0,85.1
PT_002,Static_Manual_VRET,85.7,60.5,8.2,4.8,37.7,0.511,0.472,0,67.9
PT_003,Static_Manual_VRET,80.7,54.8,9.0,5.7,43.4,0.43,0.382,1,61.7
PT_004,Static_Manual_VRET,91.2,54.8,9.1,6.6,20.8,0.432,0.496,0,54.1
PT_005,Static_Manual_VRET,94.3,70.8,8.5,5.3,48.2,0.415,0.374,0,74.2
PT_006,BioAdaptive_VRET,95.3,47.3,7.9,1.6,50.9,0.165,0.076,0,84.8
PT_007,BioAdaptive_VRET,81.3,23.9,8.7,2.9,55.4,0.188,0.193,0,92.9
PT_008,Static_Manual_VRET,89.0,57.1,7.6,4.6,42.6,0.477,0.576,0,61.9
PT_009,BioAdaptive_VRET,84.0,41.1,7.2,1.5,52.8,0.161,0.11,0,91.0
PT_010,Static_Manual_VRET,104.5,81.1,7.9,4.3,40.3,0.659,0.466,0,60.1
PT_011,BioAdaptive_VRET,82.4,33.2,8.1,3.2,55.2,0.12,0.185,0,89.2
PT_012,Static_Manual_VRET,107.5,71.7,8.6,7.2,31.5,0.509,0.56,0,52.4
PT_013,Static_Manual_VRET,83.0,57.9,8.4,7.4,38.9,0.554,0.36,1,62.8
PT_014,Static_Manual_VRET,80.9,70.0,8.7,6.4,34.6,0.554,0.536,0,64.2
PT_015,BioAdaptive_VRET,81.9,32.3,8.4,1.9,51.4,0.161,0.153,0,90.7
PT_016,BioAdaptive_VRET,82.0,21.3,8.0,3.0,57.2,0.196,0.136,0,86.7
PT_017,Static_Manual_VRET,101.0,85.5,9.8,7.6,35.7,0.32,0.433,0,67.5
PT_018,Static_Manual_VRET,77.3,54.8,8.8,7.5,36.2,0.476,0.36,1,68.3
PT_019,BioAdaptive_VRET,86.6,45.4,8.9,2.9,53.6,0.217,0.188,0,87.1
PT_020,Static_Manual_VRET,94.0,39.1,7.6,4.0,43.6,0.277,0.559,0,58.3
PT_021,BioAdaptive_VRET,80.1,33.7,8.4,2.5,44.7,0.28,0.143,0,96.3
PT_022,Static_Manual_VRET,77.2,26.1,8.6,6.8,20.2,0.431,0.458,1,69.5
PT_023,BioAdaptive_VRET,76.4,27.9,7.9,2.4,49.6,0.15,0.164,0,87.3
PT_024,BioAdaptive_VRET,90.1,37.7,8.3,1.7,52.7,0.147,0.211,0,95.1
PT_025,BioAdaptive_VRET,86.8,43.9,9.5,4.2,49.5,0.149,0.175,0,88.1
PT_026,BioAdaptive_VRET,85.1,45.3,7.8,1.4,53.0,0.221,0.15,0,87.6
PT_027,BioAdaptive_VRET,54.5,10.0,9.1,3.4,55.0,0.218,0.225,0,85.8
PT_028,Static_Manual_VRET,92.9,59.9,7.9,3.8,29.3,0.361,0.536,0,63.7
PT_029,Static_Manual_VRET,89.7,75.9,7.8,7.0,35.2,0.513,0.499,0,70.2
PT_030,BioAdaptive_VRET,74.9,23.4,7.6,0.9,53.7,0.238,0.214,0,84.8
PT_031,BioAdaptive_VRET,94.6,46.2,8.9,3.0,55.0,0.109,0.145,0,95.9
PT_032,BioAdaptive_VRET,77.3,25.9,8.1,2.3,60.0,0.107,0.077,0,87.0
PT_033,BioAdaptive_VRET,82.0,29.1,8.2,1.9,60.0,0.127,0.205,0,82.5
PT_034,BioAdaptive_VRET,88.2,29.4,9.0,2.5,57.6,0.146,0.133,0,87.6
PT_035,Static_Manual_VRET,103.1,63.6,7.7,5.4,33.9,0.466,0.414,1,58.1
PT_036,BioAdaptive_VRET,92.4,41.8,6.9,1.6,54.7,0.157,0.205,0,83.4
PT_037,BioAdaptive_VRET,89.4,47.0,9.9,3.9,55.1,0.146,0.176,0,89.6
PT_038,Static_Manual_VRET,77.8,46.9,9.8,7.4,27.3,0.409,0.518,1,63.4
PT_039,BioAdaptive_VRET,104.8,48.0,9.8,2.4,54.0,0.204,0.091,0,91.8
PT_040,BioAdaptive_VRET,81.6,40.4,9.4,3.7,51.1,0.162,0.149,0,89.0
PT_041,Static_Manual_VRET,96.7,75.2,8.0,6.8,28.8,0.405,0.527,0,69.0
PT_042,BioAdaptive_VRET,79.5,32.2,9.8,4.6,52.5,0.228,0.123,0,91.2
PT_043,Static_Manual_VRET,93.2,57.1,9.0,6.9,41.8,0.409,0.388,0,73.1
PT_044,Static_Manual_VRET,84.3,70.9,9.2,7.3,23.9,0.501,0.44,1,72.4
PT_045,Static_Manual_VRET,88.1,55.1,7.9,4.8,27.5,0.42,0.476,0,53.6
PT_046,Static_Manual_VRET,87.5,57.0,8.9,6.2,16.7,0.507,0.494,0,67.8
PT_047,Static_Manual_VRET,91.4,73.5,9.6,6.9,32.0,0.472,0.421,0,52.2
PT_048,Static_Manual_VRET,81.4,47.3,8.6,6.3,38.4,0.501,0.471,1,58.0
PT_049,Static_Manual_VRET,73.0,65.9,6.3,5.0,41.3,0.402,0.402,1,56.1
PT_050,BioAdaptive_VRET,67.8,19.6,7.9,2.9,54.0,0.218,0.106,0,83.9
