trial_id,participant_id,training_arm,pretext,action_taken,decision_latency_sec,gaze_dwell_badge_sec,min_distance_m,is_compliant,tailgating_permitted
1,P_001,Traditional_Didactic,TelecomContractorClipboard,HeldDoorOpen_Breach,12.84,1.45,0.62,False,True
2,P_002,Traditional_Didactic,TelecomContractorClipboard,HeldDoorOpen_Breach,11.53,0.67,0.69,False,True
3,P_003,Traditional_Didactic,DeliveryCourierHeavyBox,HeldDoorOpen_Breach,6.5,1.14,0.75,False,True
4,P_004,Traditional_Didactic,HurriedExecutiveNoBadge,ChallengedBadge_Compliant,11.44,0.68,0.82,True,False
5,P_005,Traditional_Didactic,TelecomContractorClipboard,HeldDoorOpen_Breach,7.34,1.35,0.96,False,True
6,P_006,Traditional_Didactic,DisgruntledFormerEmployee,HeldDoorOpen_Breach,9.38,0.81,0.88,False,True
7,P_007,Traditional_Didactic,DisgruntledFormerEmployee,HeldDoorOpen_Breach,12.51,0.34,0.4,False,True
8,P_008,Traditional_Didactic,DisgruntledFormerEmployee,ChallengedBadge_Compliant,9.5,0.85,0.74,True,False
9,P_009,Traditional_Didactic,DisgruntledFormerEmployee,HeldDoorOpen_Breach,12.81,0.93,0.5,False,True
10,P_010,Traditional_Didactic,DeliveryCourierHeavyBox,HeldDoorOpen_Breach,13.39,1.13,0.98,False,True
11,P_011,Traditional_Didactic,TelecomContractorClipboard,HeldDoorOpen_Breach,12.27,1.14,0.62,False,True
12,P_012,Traditional_Didactic,TelecomContractorClipboard,HeldDoorOpen_Breach,11.55,1.23,1.07,False,True
13,P_013,Traditional_Didactic,TelecomContractorClipboard,HeldDoorOpen_Breach,9.75,1.21,0.68,False,True
14,P_014,Traditional_Didactic,DisgruntledFormerEmployee,HeldDoorOpen_Breach,12.53,0.33,1.01,False,True
15,P_015,Traditional_Didactic,DisgruntledFormerEmployee,HeldDoorOpen_Breach,13.72,1.81,1.12,False,True
16,P_016,Traditional_Didactic,DisgruntledFormerEmployee,ChallengedBadge_Compliant,13.61,1.27,0.87,True,False
17,P_017,Traditional_Didactic,DisgruntledFormerEmployee,ChallengedBadge_Compliant,11.04,1.2,0.73,True,False
18,P_018,Traditional_Didactic,HurriedExecutiveNoBadge,IgnoredVisitor_Breach,9.9,1.41,0.74,False,True
19,P_019,Traditional_Didactic,DeliveryCourierHeavyBox,HeldDoorOpen_Breach,8.92,2.08,0.58,False,True
20,P_020,Traditional_Didactic,DisgruntledFormerEmployee,HeldDoorOpen_Breach,13.81,1.65,0.83,False,True
21,P_021,Traditional_Didactic,DeliveryCourierHeavyBox,IgnoredVisitor_Breach,13.6,0.48,0.65,False,True
22,P_022,Traditional_Didactic,DisgruntledFormerEmployee,ChallengedBadge_Compliant,12.81,0.64,0.8,True,False
23,P_023,Traditional_Didactic,DeliveryCourierHeavyBox,HeldDoorOpen_Breach,12.54,1.69,1.19,False,True
24,P_024,Traditional_Didactic,TelecomContractorClipboard,IgnoredVisitor_Breach,7.53,1.22,0.62,False,True
25,P_025,Traditional_Didactic,DisgruntledFormerEmployee,ChallengedBadge_Compliant,14.48,0.74,0.71,True,False
26,P_026,VR_Interactive,TelecomContractorClipboard,ChallengedBadge_Compliant,4.6,4.82,2.16,True,False
27,P_027,VR_Interactive,TelecomContractorClipboard,DirectedToReception_Compliant,3.72,3.64,1.86,True,False
28,P_028,VR_Interactive,TelecomContractorClipboard,DirectedToReception_Compliant,4.79,3.33,1.8,True,False
29,P_029,VR_Interactive,TelecomContractorClipboard,ChallengedBadge_Compliant,3.8,3.49,1.9,True,False
30,P_030,VR_Interactive,DeliveryCourierHeavyBox,ChallengedBadge_Compliant,4.6,2.94,2.26,True,False
31,P_031,VR_Interactive,TelecomContractorClipboard,DirectedToReception_Compliant,4.07,4.44,2.16,True,False
32,P_032,VR_Interactive,DisgruntledFormerEmployee,ChallengedBadge_Compliant,5.73,4.92,2.04,True,False
33,P_033,VR_Interactive,DisgruntledFormerEmployee,DirectedToReception_Compliant,4.3,3.57,1.76,True,False
34,P_034,VR_Interactive,DisgruntledFormerEmployee,ChallengedBadge_Compliant,3.41,3.28,1.94,True,False
35,P_035,VR_Interactive,TelecomContractorClipboard,ChallengedBadge_Compliant,4.55,3.84,2.17,True,False
36,P_036,VR_Interactive,TelecomContractorClipboard,ChallengedBadge_Compliant,4.28,3.64,2.72,True,False
37,P_037,VR_Interactive,DeliveryCourierHeavyBox,ChallengedBadge_Compliant,5.48,4.04,1.37,True,False
38,P_038,VR_Interactive,HurriedExecutiveNoBadge,ChallengedBadge_Compliant,4.11,3.73,2.12,True,False
39,P_039,VR_Interactive,DeliveryCourierHeavyBox,HeldDoorOpen_Breach,4.13,3.51,1.72,False,True
40,P_040,VR_Interactive,TelecomContractorClipboard,ChallengedBadge_Compliant,3.65,3.9,2.02,True,False
41,P_041,VR_Interactive,DisgruntledFormerEmployee,ChallengedBadge_Compliant,3.38,4.63,1.64,True,False
42,P_042,VR_Interactive,HurriedExecutiveNoBadge,ChallengedBadge_Compliant,3.48,3.22,2.31,True,False
43,P_043,VR_Interactive,DeliveryCourierHeavyBox,ChallengedBadge_Compliant,4.83,2.94,1.55,True,False
44,P_044,VR_Interactive,DisgruntledFormerEmployee,DirectedToReception_Compliant,4.7,3.61,2.13,True,False
45,P_045,VR_Interactive,DisgruntledFormerEmployee,ChallengedBadge_Compliant,3.34,4.52,1.94,True,False
46,P_046,VR_Interactive,DeliveryCourierHeavyBox,DirectedToReception_Compliant,4.41,3.26,1.8,True,False
47,P_047,VR_Interactive,DeliveryCourierHeavyBox,ChallengedBadge_Compliant,4.26,4.11,1.78,True,False
48,P_048,VR_Interactive,HurriedExecutiveNoBadge,ChallengedBadge_Compliant,4.65,2.58,1.96,True,False
49,P_049,VR_Interactive,DeliveryCourierHeavyBox,ChallengedBadge_Compliant,3.61,4.3,2.43,True,False
50,P_050,VR_Interactive,DeliveryCourierHeavyBox,ChallengedBadge_Compliant,3.76,3.99,1.42,True,False
