trial_id,cohort,ambient_lux,stress_level_db,reaction_latency_ms,hit_rate,false_alarm_rate,d_prime,beta_criterion,nasa_tlx_score,ammunition_saved_rounds
1,Control_Untrained,2.57,90.7,780.9,0.72,0.28,1.24,0.94,77.6,0
2,VR_Inoculated,2.57,90.7,452.9,0.94,0.06,2.82,1.05,45.2,350
3,Control_Untrained,1.23,92.9,748.5,0.72,0.28,1.24,0.94,69.8,0
4,VR_Inoculated,1.23,92.9,486.1,0.94,0.06,2.82,1.05,52.2,350
5,Control_Untrained,1.25,94.9,857.3,0.72,0.28,1.24,0.94,78.7,0
6,VR_Inoculated,1.25,94.9,425.4,0.94,0.06,2.82,1.05,36.2,350
7,Control_Untrained,3.96,93.3,776.3,0.72,0.28,1.24,0.94,75.0,0
8,VR_Inoculated,3.96,93.3,500.4,0.94,0.06,2.82,1.05,43.8,350
9,Control_Untrained,3.19,86.6,734.7,0.72,0.28,1.24,0.94,86.3,0
10,VR_Inoculated,3.19,86.6,448.2,0.94,0.06,2.82,1.05,43.1,350
11,Control_Untrained,0.71,86.8,786.2,0.72,0.28,1.24,0.94,73.5,0
12,VR_Inoculated,0.71,86.8,549.0,0.94,0.06,2.82,1.05,39.0,350
13,Control_Untrained,0.7,91.4,765.1,0.72,0.28,1.24,0.94,80.9,0
14,VR_Inoculated,0.7,91.4,443.7,0.94,0.06,2.82,1.05,45.2,350
15,Control_Untrained,3.49,85.9,770.7,0.72,0.28,1.24,0.94,80.9,0
16,VR_Inoculated,3.49,85.9,447.8,0.94,0.06,2.82,1.05,38.3,350
17,Control_Untrained,0.82,91.1,677.8,0.72,0.28,1.24,0.94,83.7,0
18,VR_Inoculated,0.82,91.1,510.8,0.94,0.06,2.82,1.05,31.2,350
19,Control_Untrained,3.28,88.4,674.0,0.72,0.28,1.24,0.94,71.4,0
20,VR_Inoculated,3.28,88.4,474.8,0.94,0.06,2.82,1.05,44.6,350
21,Control_Untrained,3.3,88.9,770.0,0.72,0.28,1.24,0.94,71.2,0
22,VR_Inoculated,3.3,88.9,500.5,0.94,0.06,2.82,1.05,37.5,350
23,Control_Untrained,2.25,88.6,772.4,0.72,0.28,1.24,0.94,66.9,0
24,VR_Inoculated,2.25,88.6,435.7,0.94,0.06,2.82,1.05,35.3,350
25,Control_Untrained,0.59,90.5,705.3,0.72,0.28,1.24,0.94,75.2,0
26,VR_Inoculated,0.59,90.5,454.3,0.94,0.06,2.82,1.05,43.4,350
27,Control_Untrained,3.28,87.7,747.3,0.72,0.28,1.24,0.94,79.7,0
28,VR_Inoculated,3.28,87.7,505.1,0.94,0.06,2.82,1.05,38.5,350
29,Control_Untrained,1.61,90.8,770.5,0.72,0.28,1.24,0.94,74.7,0
30,VR_Inoculated,1.61,90.8,463.0,0.94,0.06,2.82,1.05,52.9,350
31,Control_Untrained,1.39,92.3,753.8,0.72,0.28,1.24,0.94,76.0,0
32,VR_Inoculated,1.39,92.3,471.9,0.94,0.06,2.82,1.05,39.2,350
33,Control_Untrained,4.06,91.9,732.2,0.72,0.28,1.24,0.94,79.3,0
34,VR_Inoculated,4.06,91.9,491.0,0.94,0.06,2.82,1.05,43.1,350
35,Control_Untrained,1.75,88.8,791.0,0.72,0.28,1.24,0.94,77.8,0
36,VR_Inoculated,1.75,88.8,435.3,0.94,0.06,2.82,1.05,41.0,350
37,Control_Untrained,3.85,90.3,690.6,0.72,0.28,1.24,0.94,62.7,0
38,VR_Inoculated,3.85,90.3,392.4,0.94,0.06,2.82,1.05,49.9,350
39,Control_Untrained,3.38,89.5,790.9,0.72,0.28,1.24,0.94,80.1,0
40,VR_Inoculated,3.38,89.5,476.0,0.94,0.06,2.82,1.05,37.3,350
41,Control_Untrained,1.98,89.0,776.1,0.72,0.28,1.24,0.94,64.2,0
42,VR_Inoculated,1.98,89.0,499.5,0.94,0.06,2.82,1.05,43.6,350
43,Control_Untrained,3.67,86.8,684.4,0.72,0.28,1.24,0.94,69.5,0
44,VR_Inoculated,3.67,86.8,478.9,0.94,0.06,2.82,1.05,45.6,350
45,Control_Untrained,1.85,90.0,727.4,0.72,0.28,1.24,0.94,81.1,0
46,VR_Inoculated,1.85,90.0,484.9,0.94,0.06,2.82,1.05,43.0,350
47,Control_Untrained,1.72,93.3,670.3,0.72,0.28,1.24,0.94,77.2,0
48,VR_Inoculated,1.72,93.3,520.3,0.94,0.06,2.82,1.05,39.8,350
49,Control_Untrained,3.18,93.3,698.2,0.72,0.28,1.24,0.94,79.8,0
50,VR_Inoculated,3.18,93.3,508.4,0.94,0.06,2.82,1.05,32.7,350
51,Control_Untrained,1.53,91.9,713.9,0.72,0.28,1.24,0.94,82.0,0
52,VR_Inoculated,1.53,91.9,447.1,0.94,0.06,2.82,1.05,34.3,350
53,Control_Untrained,0.98,90.7,734.1,0.72,0.28,1.24,0.94,66.2,0
54,VR_Inoculated,0.98,90.7,434.9,0.94,0.06,2.82,1.05,46.5,350
55,Control_Untrained,3.78,88.1,696.1,0.72,0.28,1.24,0.94,68.0,0
56,VR_Inoculated,3.78,88.1,454.3,0.94,0.06,2.82,1.05,40.8,350
57,Control_Untrained,3.43,91.4,774.7,0.72,0.28,1.24,0.94,76.3,0
58,VR_Inoculated,3.43,91.4,456.7,0.94,0.06,2.82,1.05,38.4,350
59,Control_Untrained,3.35,92.1,691.3,0.72,0.28,1.24,0.94,74.5,0
60,VR_Inoculated,3.35,92.1,506.7,0.94,0.06,2.82,1.05,41.4,350
61,Control_Untrained,3.96,91.8,616.9,0.72,0.28,1.24,0.94,68.4,0
62,VR_Inoculated,3.96,91.8,445.2,0.94,0.06,2.82,1.05,29.0,350
63,Control_Untrained,0.54,86.0,698.2,0.72,0.28,1.24,0.94,85.1,0
64,VR_Inoculated,0.54,86.0,487.4,0.94,0.06,2.82,1.05,45.3,350
65,Control_Untrained,4.16,85.9,719.9,0.72,0.28,1.24,0.94,78.8,0
66,VR_Inoculated,4.16,85.9,521.3,0.94,0.06,2.82,1.05,34.6,350
67,Control_Untrained,0.5,92.0,676.1,0.72,0.28,1.24,0.94,76.5,0
68,VR_Inoculated,0.5,92.0,509.5,0.94,0.06,2.82,1.05,49.0,350
69,Control_Untrained,2.09,86.0,737.7,0.72,0.28,1.24,0.94,71.8,0
70,VR_Inoculated,2.09,86.0,539.4,0.94,0.06,2.82,1.05,44.7,350
71,Control_Untrained,3.87,92.7,731.8,0.72,0.28,1.24,0.94,70.8,0
72,VR_Inoculated,3.87,92.7,525.0,0.94,0.06,2.82,1.05,42.4,350
73,Control_Untrained,2.21,89.4,807.9,0.72,0.28,1.24,0.94,75.6,0
74,VR_Inoculated,2.21,89.4,494.8,0.94,0.06,2.82,1.05,30.8,350
75,Control_Untrained,1.84,92.0,682.3,0.72,0.28,1.24,0.94,82.4,0
76,VR_Inoculated,1.84,92.0,504.2,0.94,0.06,2.82,1.05,51.1,350
77,Control_Untrained,0.77,85.4,753.8,0.72,0.28,1.24,0.94,77.8,0
78,VR_Inoculated,0.77,85.4,475.5,0.94,0.06,2.82,1.05,42.5,350
79,Control_Untrained,2.42,90.8,662.8,0.72,0.28,1.24,0.94,82.9,0
80,VR_Inoculated,2.42,90.8,537.6,0.94,0.06,2.82,1.05,35.4,350
81,Control_Untrained,0.96,88.6,702.6,0.72,0.28,1.24,0.94,71.4,0
82,VR_Inoculated,0.96,88.6,487.4,0.94,0.06,2.82,1.05,42.9,350
83,Control_Untrained,1.86,86.3,739.3,0.72,0.28,1.24,0.94,65.6,0
84,VR_Inoculated,1.86,86.3,454.8,0.94,0.06,2.82,1.05,47.1,350
85,Control_Untrained,3.04,88.5,800.8,0.72,0.28,1.24,0.94,76.1,0
86,VR_Inoculated,3.04,88.5,475.7,0.94,0.06,2.82,1.05,38.5,350
87,Control_Untrained,3.71,91.0,686.2,0.72,0.28,1.24,0.94,73.6,0
88,VR_Inoculated,3.71,91.0,464.2,0.94,0.06,2.82,1.05,42.5,350
89,Control_Untrained,2.88,91.1,833.8,0.72,0.28,1.24,0.94,72.7,0
90,VR_Inoculated,2.88,91.1,440.5,0.94,0.06,2.82,1.05,37.3,350
91,Control_Untrained,4.12,87.1,870.0,0.72,0.28,1.24,0.94,76.4,0
92,VR_Inoculated,4.12,87.1,524.4,0.94,0.06,2.82,1.05,45.0,350
93,Control_Untrained,1.35,88.0,714.2,0.72,0.28,1.24,0.94,72.4,0
94,VR_Inoculated,1.35,88.0,517.3,0.94,0.06,2.82,1.05,48.5,350
95,Control_Untrained,2.11,85.9,752.5,0.72,0.28,1.24,0.94,71.1,0
96,VR_Inoculated,2.11,85.9,484.5,0.94,0.06,2.82,1.05,38.8,350
97,Control_Untrained,3.53,89.0,661.1,0.72,0.28,1.24,0.94,73.7,0
98,VR_Inoculated,3.53,89.0,505.8,0.94,0.06,2.82,1.05,41.9,350
99,Control_Untrained,1.72,92.1,790.9,0.72,0.28,1.24,0.94,68.8,0
100,VR_Inoculated,1.72,92.1,438.7,0.94,0.06,2.82,1.05,42.1,350
